福島県伊達郡桑折町大字北半田西ノ内,21
秋田県鹿角市花輪百合沢,22
三重県桑名市筒尾六丁目,21
北海道旭川市神楽四条九丁目,1
岐阜県揖斐郡揖斐川町市場,21
愛知県知多郡南知多町大字内海中浜,22
愛知県あま市七宝町沖之島九之坪,false
愛知県大府市吉田町清水城,21
福島県郡山市三穂田町八幡兵次郎,22
岐阜県大垣市多芸島一丁目,4
山形県東根市一本木二丁目,5
神奈川県横須賀市芦名二丁目,21
新潟県長岡市妙見町,15
京都府京都市北区上賀茂朝露ケ原町,4
岩手県北上市和賀町煤孫十六地割,22
福島県福島市下鳥渡水神渕,22
福島県いわき市平中平窪桂進,19
愛知県安城市城ヶ入町荒子,22
京都府京都市北区衣笠西御所ノ内町,4
大分県大分市大道町一丁目,1
福井県大野市持穴,14
愛知県名古屋市中川区中島新町二丁目,21
三重県桑名市福江町,5
愛知県常滑市久米東笠松,22
北海道旭川市九条通二十二丁目,1
愛知県知多郡阿久比町大字草木草石根,21
岩手県胆沢郡金ケ崎町西根小針山,21
富山県中新川郡上市町四葉台,21
北海道白糠郡白糠町東三条北十一丁目,21
福島県郡山市田村町上行合宮耕地,21
宮城県仙台市青葉区錦町一丁目,21
愛知県知多市佐布里西之脇,22
愛知県西尾市市子町大宮東,22
岩手県大船渡市立根町寒風,24
京都府宇治市琵琶台三丁目,4
長野県塩尻市大字金井,16
兵庫県朝来市和田山町東谷妙見谷,22
愛知県刈谷市泉田町森裾,23
埼玉県越谷市越ヶ谷五丁目,6
石川県金沢市堅田町ヘ,17
愛知県刈谷市港町七丁目,9
福島県喜多方市関柴町上高額,4
愛知県丹羽郡大口町丸一丁目,22
北海道紋別郡興部町字興部春日町,21
秋田県潟上市昭和豊川岡井戸前田,21
長野県大町市八坂菖蒲,16
愛知県知多郡南知多町大字大井丘ノ下,22
滋賀県長浜市新庄寺町,7
北海道士別市東四条北四丁目,1
愛知県豊橋市賀茂町塞神,22
石川県白山市平松町,15
岐阜県羽島郡笠松町清住町,15
奈良県生駒郡斑鳩町興留二丁目,21
愛知県岡崎市中町東丸根,21
石川県能美市末信町ホ,17
岐阜県大垣市西崎町一丁目,1
千葉県千葉市緑区土気町,13
島根県益田市中島町,7
秋田県横手市雄物川町東里松木,21
福島県安達郡大玉村大山南小屋,24
秋田県横手市増田町亀田柳原,21
宮城県亘理郡山元町高瀬北中須賀,22
茨城県龍ヶ崎市佐貫町,15
石川県珠洲市上戸町寺社ハ,21
愛知県一宮市千秋町一色屋敷地,21
岩手県盛岡市下鹿妻前田,22
広島県呉市西中央一丁目,1
兵庫県神戸市北区山田町衝原,21
山形県鶴岡市下山添庄南,21
福島県郡山市御前南五丁目,10
北海道網走市駒場南三丁目,10
広島県安芸郡海田町寿町,18
愛知県半田市大坪町,14
北海道岩見沢市七条東三丁目,2
茨城県筑西市知行,21
兵庫県淡路市岩屋,6
京都府船井郡京丹波町市森,22
北海道石狩市花川東一条三丁目,1
京都府宮津市字中津,9
奈良県奈良市六条西三丁目,1
愛知県豊橋市伊古部町原巻山,21
福島県相馬郡新地町大字福田一ツ滝,21
宮城県栗原市築館宮野中央二丁目,5
岩手県宮古市八木沢三丁目,4
宮城県伊具郡丸森町舘矢間松掛窪田,21
熊本県熊本市北区下硯川二丁目,8
兵庫県朝来市和田山町竹田川原町,21
北海道北見市北八条西一丁目,1
北海道富良野市朝日町,11
北海道旭川市豊岡一条七丁目,8
愛知県豊橋市西赤沢町,18
北海道雨竜郡沼田町本通五丁目,22
広島県世羅郡世羅町大字小国,21
茨城県結城市大字上成,10
愛媛県宇和島市津島町大浦,22
茨城県稲敷市曲渕,21
福島県いわき市平鎌田,13
富山県小矢部市西町,5
東京都世田谷区船橋一丁目,7
愛知県一宮市今伊勢町宮後壱丁野,21
大阪府茨木市東中条町,4
新潟県村上市小谷,14
熊本県熊本市南区野口一丁目,21
兵庫県神戸市中央区栄町通七丁目,19
福岡県大野城市白木原四丁目,19
栃木県那須塩原市横林,12
京都府京都市左京区高野上竹屋町,7
兵庫県神戸市北区有野台三丁目,21
福島県福島市松川町関谷高並,23
岐阜県関市末広町,7
福島県本宮市荒井膳棚,24
沖縄県中頭郡西原町上原二丁目,21
宮城県黒川郡大郷町川内長福寺山,21
富山県富山市稲荷町一丁目,1
埼玉県加須市愛宕一丁目,7
愛媛県松山市北土居二丁目,20
群馬県前橋市前箱田町二丁目,2
福島県いわき市四倉町大森民野町,21
秋田県鹿角市十和田毛馬内赤冗,22
兵庫県神戸市須磨区妙法寺薮中ノ下,21
和歌山県田辺市九川,13
大阪府泉南郡岬町孝子,18
長崎県長崎市上野町,7
東京都板橋区赤塚二丁目,17
山形県酒田市北青沢,11
北海道札幌市北区北三十九条西三丁目,5
北海道札幌市東区北十七条東十四丁目,6
広島県広島市西区商工センター一丁目,13
愛知県みよし市福田町,false
岩手県盛岡市大ケ生二十五地割,22
栃木県宇都宮市陽東八丁目,6
福島県福島市飯坂町平野田下,17
兵庫県加古川市別府町新野辺北町一丁目,11
愛知県額田郡幸田町大字久保田社口,21
千葉県船橋市習志野台一丁目,8
広島県広島市南区東雲一丁目,16
石川県七尾市中挟町リ,17
福岡県筑紫野市杉塚三丁目,7
福岡県北九州市八幡西区穴生三丁目,21
福島県白河市田島入方,22
長崎県雲仙市瑞穂町西郷乙,9
静岡県静岡市清水区土,9
秋田県男鹿市北浦入道崎家ノ上,5
福岡県大野城市栄町二丁目,7
愛知県一宮市萩原町西御堂西赤口,21
群馬県渋川市行幸田,15
兵庫県川辺郡猪名川町西畑深田,21
愛知県豊田市滝脇町向田,22
北海道千歳市自由ケ丘三丁目,1
北海道釧路市阿寒町上阿寒十九線,13
長崎県松浦市調川町,15
大阪府八尾市楽音寺三丁目,4
福島県福島市松川町浅川満仲内,22
大阪府高石市羽衣四丁目,3
富山県砺波市庄川町湯山,20
三重県名張市つつじが丘北二番町,false
石川県鳳珠郡穴水町字中居南,21
秋田県大館市二井田杉苗出,23
京都府京都市左京区下鴨膳部町,9
奈良県大和郡山市新庄町,9
神奈川県川崎市多摩区登戸新町,21
北海道千歳市栄町四丁目,3
宮崎県日向市向江町二丁目,1
宮城県加美郡加美町四日市場鼓田,21
福島県伊達市梁川町舟生馬坂,19
千葉県銚子市栄町三丁目,3
宮城県白石市小下倉,17
神奈川県横浜市南区若宮町四丁目,21
静岡県牧之原市牧之原,7
大分県大分市松原町二丁目,1
山形県山形市小白川町二丁目,1
大分県竹田市大字拝田原,16
福島県二本松市原セ日照田,16
宮城県伊具郡丸森町字稲場東,22
兵庫県加古川市志方町上冨木,21
福島県福島市岡島砂入,14
兵庫県神戸市須磨区車宮ノ向,24
北海道旭川市本町二丁目,1
大阪府大東市新町,4
宮城県登米市中田町上沼大柳,21
岐阜県関市池尻,7
京都府亀岡市稗田野町柿花中道,13
広島県庄原市東城町受原,19
千葉県印西市白幡飛地,21
愛知県豊川市国府町寒若寺,22
岩手県久慈市小久慈町第五十一地割,21
北海道札幌市手稲区富丘四条五丁目,13
福島県喜多方市熱塩加納町加納鷲田境,21
兵庫県神戸市長田区萩乃町二丁目,22
山形県山形市塚野目,8
京都府京田辺市薪狭道,7
群馬県館林市田谷町,15
富山県射水市中太閤山十四丁目,3
北海道標津郡中標津町西一条南四丁目,21
宮城県宮城郡松島町北小泉,21
愛知県岡崎市田口町中井田,22
岐阜県可児市若葉台四丁目,21
愛知県西尾市富山町於三,22
兵庫県赤穂郡上郡町宿,16
栃木県栃木市柳橋町,11
埼玉県深谷市新井,14
愛知県西尾市西奥田町四丁目,21
愛知県愛西市藤ケ瀬町東沼,22
兵庫県三木市口吉川町槇,12
秋田県秋田市太平中関二番片貝沢,13
大阪府寝屋川市日之出町,9
山形県山形市印役町五丁目,4
北海道赤平市幸町二丁目,11
福岡県福岡市南区弥永一丁目,21
青森県三戸郡階上町蒼前西三丁目,21
福島県福島市松川町関谷下原,17
大阪府大阪市住之江区平林北一丁目,22
山梨県西八代郡市川三郷町山保,19
愛知県半田市岩滑西町三丁目,2
北海道札幌市豊平区平岸五条八丁目,21
滋賀県高島市今津町保坂,12
北海道夕張郡栗山町字滝下,20
新潟県新発田市上内竹,11
兵庫県宝塚市逆瀬台二丁目,4
愛媛県宇和島市本九島,16
千葉県佐倉市大篠塚,9
千葉県船橋市上山町一丁目,4
埼玉県東松山市大字上押垂,19
熊本県熊本市南区合志一丁目,21
北海道旭川市神楽岡二条六丁目,15
茨城県常陸太田市大方町,15
宮城県角田市岡土浮,22
新潟県燕市分水旭町三丁目,6
兵庫県姫路市龍野町一丁目,5
新潟県妙高市大字東菅沼,20
高知県香美市物部町笹,19
北海道上川郡清水町北一条八丁目,21
岩手県久慈市小久慈町第四十三地割,22
愛知県名古屋市中川区柳島町五丁目,20
岩手県二戸郡一戸町楢山平船,23
福岡県北九州市八幡西区里中一丁目,21
愛知県あま市森二丁目,false
山形県西置賜郡小国町大字芹出,21
新潟県胎内市本郷,14
愛知県豊田市西細田町,6
岡山県美作市長谷内,15
愛知県一宮市開明新田沼,23
滋賀県彦根市下矢倉町,13
北海道河東郡音更町新通四丁目,21
福島県福島市笹谷北横堀,11
福島県郡山市富田町上西田,21
愛知県常滑市金山東屋敷,22
群馬県渋川市有馬,9
新潟県上越市大字福橋,16
青森県八戸市大字鮫町山四郎蒔目,22
静岡県伊豆の国市白山堂,10
岐阜県岐阜市田端町,7
愛知県愛西市諸桑町株木,21
福島県伊達市梁川町北町頭,21
沖縄県沖縄市胡屋六丁目,3
秋田県横手市大森町東中島,21
青森県十和田市元町東五丁目,21
和歌山県田辺市長野,18
愛知県豊橋市天伯町梅田,21
石川県七尾市万行町二,11
岩手県胆沢郡金ケ崎町西根石田,21
愛知県半田市白山町二丁目,5
北海道幌泉郡えりも町字本町,false
滋賀県大津市瀬田一丁目,7
宮城県宮城郡松島町手樽中沢,22
兵庫県高砂市荒井町蓮池一丁目,10
香川県高松市松福町一丁目,11
新潟県十日町市原町,3
京都府福知山市夜久野町大油子,4
北海道網走市南四条東一丁目,1
高知県香美市土佐山田町宝町三丁目,5
秋田県横手市睦成鶴谷地,22
北海道札幌市中央区南九条西一丁目,22
香川県坂出市林田町,15
福島県東白川郡棚倉町大字棚倉下町,21
北海道上川郡当麻町三条西二丁目,22
大阪府寝屋川市成田東町,14
秋田県横手市大雄向田,20
熊本県八代市郡築十番町,2
石川県金沢市塚崎町ワ,false
愛知県豊田市久保町一丁目,1
京都府舞鶴市字女布,8
埼玉県戸田市早瀬二丁目,21
新潟県長岡市四郎丸二丁目,4
愛知県豊橋市石巻本町石畑,21
山口県周南市大字夏切,19
愛知県一宮市木曽川町黒田奥屋敷,22
北海道札幌市豊平区月寒東二条二十丁目,10
奈良県香芝市関屋北一丁目,10
神奈川県平塚市見附町,4
岩手県大船渡市盛町東町,18
三重県名張市百合が丘西三番町,12
岐阜県岐阜市加納城南通三丁目,1
北海道茅部郡森町字石倉町,21
愛知県岡崎市富永町福塚,21
東京都練馬区光が丘七丁目,5
静岡県富士宮市神田川町,6
埼玉県和光市下新倉四丁目,5
石川県加賀市大聖寺三ツ町ワ,false
愛知県愛西市日置町六反畑,22
愛媛県宇和島市三間町金銅,22
北海道千歳市北陽五丁目,7
沖縄県中頭郡北谷町字北前,21
愛知県江南市松竹町西瀬古,18
福島県郡山市大槻町御前東,22
福島県白河市旗宿茂ケ崎,19
長野県松本市大字洞,9
静岡県牧之原市福岡,9
岩手県遠野市宮守町上鱒沢,19
北海道標津郡中標津町西十条北九丁目,21
山形県東置賜郡川西町大字下奥田,22
愛知県常滑市広目前田面,22
石川県加賀市別所町三丁目,1
愛知県豊川市篠束町郷中,22
神奈川県川崎市麻生区細山五丁目,21
栃木県宇都宮市五代一丁目,9
岡山県岡山市北区東古松二丁目,8
宮城県仙台市泉区市名坂山岸,22
高知県土佐清水市下ノ加江,9
宮城県栗原市築館照越狼ノ穴沢,21
石川県金沢市塚崎町ニ,17
岐阜県岐阜市入舟町三丁目,4
茨城県下妻市柴,9
北海道旭川市西神楽三線九号,21
北海道河東郡士幌町字士幌本通東,22
愛知県津島市中一色町中山,21
北海道砂川市西六条北十四丁目,2
愛知県西尾市一色町治明,21
宮城県宮城郡利府町神谷沢新江渕,22
愛知県豊川市山道町二丁目,5
岐阜県岐阜市岩倉町三丁目,1
山形県寒河江市本楯四丁目,4
宮城県石巻市沼津入,21
宮城県黒川郡大和町落合松坂柿ノ木,22
秋田県秋田市東通五丁目,3
愛知県あま市甚目寺権現,false
石川県能美市浜町ワ,false
宮城県仙台市泉区根白石養賢堂,21
富山県中新川郡上市町中ノ又,22
福岡県北九州市小倉南区葛原東六丁目,21
秋田県大仙市高関上郷諸又,22
宮城県仙台市青葉区堤町二丁目,18
北海道釧路市音別町海光二丁目,17
宮城県仙台市宮城野区榴岡一丁目,15
奈良県奈良市横領町,9
石川県七尾市津向町ロ,17
兵庫県神戸市中央区山本通一丁目,21
青森県三沢市東岡三沢一丁目,3
福岡県北九州市小倉南区長尾一丁目,22
京都府船井郡京丹波町実勢下岡,21
宮城県刈田郡蔵王町大字小村崎二本木,21
兵庫県美方郡香美町香住区三谷,23
北海道上川郡新得町本通南二丁目,22
岩手県久慈市夏井町大崎,22
愛知県知多郡武豊町字緑台二丁目,21
熊本県水俣市深川,13
愛知県名古屋市瑞穂区中山町一丁目,22
茨城県稲敷市大島,11
埼玉県越谷市弥栄町四丁目,5
神奈川県川崎市宮前区有馬四丁目,21
愛知県知多郡東浦町大字緒川大薮,22
福井県福井市堅達町,3
北海道札幌市手稲区富丘二条五丁目,13
兵庫県尼崎市金楽寺町一丁目,2
愛知県海部郡蟹江町西之森七丁目,22
埼玉県日高市大字台,18
福岡県糸島市二丈波呂,18
兵庫県佐用郡佐用町土井,22
岡山県赤磐市桜が丘西三丁目,20
岩手県奥州市前沢屋敷,13
大阪府松原市北新町二丁目,11
兵庫県赤穂郡上郡町駅前,23
北海道檜山郡江差町字上野町,21
福島県福島市御山遠背戸,11
福島県郡山市三穂田町山口西ノ作山,22
岐阜県岐阜市長良一丁目,3
大阪府寝屋川市池田三丁目,7
愛知県名古屋市港区作倉町,21
茨城県笠間市池野辺,11
北海道釧路市阿寒町上仁々志別三十六線,11
兵庫県神戸市北区山田町小部大阪,21
福島県いわき市久之浜町久之浜北荒蒔,22
千葉県長生郡長柄町力丸,22
北海道札幌市東区北十六条東十七丁目,5
岩手県胆沢郡金ケ崎町六原東町,21
福島県相馬郡新地町駒ケ嶺大沢北,21
石川県羽咋郡宝達志水町針山,17
岩手県花巻市高松第三地割,22
愛知県豊川市橋尾町北浦,21
福島県耶麻郡猪苗代町大字山潟四ツヲサ,false
岐阜県各務原市鵜沼川崎町二丁目,2
青森県八戸市大字是川街道端,22
新潟県見附市元町一丁目,10
愛知県豊川市豊津町上川原,21
京都府京都市伏見区石田川向,9
秋田県湯沢市八幡中島,16
富山県中新川郡立山町寺田ことぶき町,19
愛知県刈谷市小垣江町東湫,23
兵庫県神戸市長田区菅原通三丁目,21
福島県いわき市常磐藤原町小砂田,21
滋賀県蒲生郡日野町大字北脇,21
熊本県熊本市西区河内町野出,13
愛知県犬山市大字犬山甲塚,21
北海道札幌市清田区北野一条一丁目,15
秋田県潟上市昭和大久保北野高津森,22
宮城県刈田郡蔵王町大字平沢南道場,21
宮城県岩沼市押分与奈,21
福岡県北九州市小倉南区上曽根二丁目,21
北海道標津郡中標津町東二十三条北六丁目,13
奈良県宇陀市榛原福西,12
静岡県袋井市月見町,15
熊本県菊池市豊間,14
岐阜県多治見市光ケ丘二丁目,6
北海道上川郡清水町字羽帯南十二線,21
秋田県能代市二ツ井町田代,19
長崎県西彼杵郡時津町子々川郷,21
岩手県盛岡市大ケ生二十一地割,22
広島県三原市長谷四丁目,16
山形県鶴岡市勝福寺,22
愛知県一宮市開明郷中,23
宮城県仙台市泉区実沢下原東屋敷,21
山形県山形市沼の辺町,8
沖縄県島尻郡渡名喜村高田川,21
茨城県ひたちなか市小谷金,false
愛知県名古屋市昭和区天神町一丁目,22
兵庫県三田市けやき台三丁目,21
神奈川県横浜市神奈川区子安台一丁目,21
福島県耶麻郡北塩原村大字関屋,20
福岡県福岡市東区香椎浜一丁目,8
神奈川県横須賀市子安,13
福島県伊達郡桑折町字和尚堂,22
岩手県大船渡市盛町中道下,24
長崎県長崎市多以良町,4
福島県東白川郡棚倉町大字仁公儀塚田,22
大分県別府市上人仲町,4
山形県東田川郡庄内町深川,24
福島県郡山市熱海町安子島上河原,21
奈良県葛城市忍海,6
北海道士別市東四条十九丁目,8
東京都練馬区大泉学園町三丁目,8
奈良県橿原市小槻町,15
岐阜県可児市土田,14
大阪府泉佐野市羽倉崎上町一丁目,16
北海道標津郡中標津町西五条南七丁目,21
富山県魚津市大字田地方町,1
千葉県船橋市飯山満町三丁目,2
大分県佐伯市蒲江大字森崎浦,17
鹿児島県大島郡瀬戸内町大字押角,22
広島県福山市沖野上町二丁目,14
徳島県小松島市坂野町向原,21
兵庫県高砂市神爪六丁目,16
秋田県横手市雄物川町沼館昼飯塚,22
秋田県湯沢市岩崎桂沢,16
秋田県秋田市旭北寺町,4
愛知県尾張旭市下井町前の上,21
京都府亀岡市曽我部町穴太小原,21
東京都羽村市富士見平二丁目,8
愛媛県松山市今在家一丁目,21
東京都東久留米市小山一丁目,19
青森県上北郡横浜町字中椛名木,21
滋賀県長浜市富田町,9
兵庫県南あわじ市八木国分,13
福島県田村市大越町栗出東畑,21
愛知県刈谷市西境町蒲生池,23
京都府京都市伏見区深草一ノ坪町,6
宮城県仙台市青葉区高野原二丁目,21
長野県長野市信州新町山上条,15
福岡県福岡市南区皿山一丁目,16
宮城県仙台市泉区高森二丁目,15
大阪府茨木市大字安元,21
愛知県豊川市為当町社宮神,22
千葉県柏市南逆井三丁目,5
愛知県稲沢市祖父江町拾町野猿尾北,21
兵庫県神戸市北区鈴蘭台南町四丁目,21
兵庫県神戸市東灘区西岡本四丁目,21
福島県福島市笹谷中谷地,14
福島県喜多方市山都町早稲谷,18
鳥取県西伯郡大山町殿河内,21
山形県山形市瀬波三丁目,7
北海道札幌市北区北十九条西八丁目,7
宮城県仙台市若林区荒井南,15
北海道石狩市緑苑台東二条一丁目,1
鳥取県倉吉市山根,6
兵庫県神戸市兵庫区水木通六丁目,19
青森県弘前市大字一町田村元,22
京都府舞鶴市字魚屋,8
奈良県宇陀市榛原天満台東一丁目,13
長崎県長崎市愛宕三丁目,5
北海道旭川市神楽五条二丁目,1
岐阜県岐阜市芥見二丁目,3
愛知県豊田市田町一丁目,1
神奈川県川崎市宮前区鷺沼一丁目,21
大阪府枚方市杉一丁目,4
奈良県五條市田園四丁目,12
和歌山県和歌山市西小二里二丁目,1
愛知県知多郡南知多町大字内海森越,22
福島県福島市笹谷前原前,11
長崎県長崎市元船町,5
岡山県岡山市北区東島田町二丁目,6
北海道札幌市東区北三十七条東五丁目,5
石川県かほく市松浜ホ,false
愛知県豊橋市磯辺下地町,22
京都府南丹市園部町仁江坂田,23
兵庫県加東市出水,15
愛知県西尾市鵜ケ池町中屋敷,22
佐賀県杵島郡白石町大字坂田,22
北海道苫前郡羽幌町南七条四丁目,22
大阪府大阪市大正区小林東一丁目,11
北海道帯広市大通南十四丁目,1
兵庫県淡路市南鵜崎,15
千葉県君津市宮下,6
愛知県豊田市寿町七丁目,14
福島県福島市荒井古内東,13
新潟県十日町市春日町二丁目,2
青森県三戸郡田子町字平成田,23
愛知県西尾市和気町長畑,22
鹿児島県薩摩郡さつま町西新町,false
北海道旭川市神楽岡十四条九丁目,2
広島県広島市西区草津東二丁目,12
愛知県名古屋市緑区大高町三番割,21
北海道帯広市西六条北七丁目,1
徳島県美馬郡つるぎ町貞光宮下,22
秋田県鹿角郡小坂町小坂中小坂,13
高知県須崎市緑町,14
大阪府大阪市西成区梅南二丁目,21
愛知県豊川市千両町数谷原,22
北海道札幌市手稲区曙二条四丁目,19
大阪府富田林市楠風台二丁目,4
愛知県江南市曽本町二子前,21
福島県いわき市植田町館山,17
島根県江津市江津町,7
山形県鶴岡市野田目中堰,22
秋田県横手市大雄田村,24
北海道河西郡中札内村東五条南五丁目,21
福島県須賀川市西川山本,14
熊本県上益城郡山都町橘,21
岡山県岡山市東区瀬戸町二日市,9
愛知県あま市下萱津宝,false
高知県高知市春野町南ケ丘六丁目,2
北海道網走郡津別町字最上,21
宮城県大崎市古川稲葉一本橋,21
秋田県大館市根下戸小館花尻,22
徳島県三好市山城町国政,21
宮城県名取市愛島小豆島島,15
神奈川県相模原市緑区相原二丁目,20
香川県観音寺市大野原町大野原,11
東京都大島町元町,7
宮城県東松島市小野町尻,21
広島県呉市広町田二丁目,1
愛知県知多市南粕谷新海一丁目,20
愛知県北名古屋市六ツ師北屋敷,21
福島県郡山市大槻町沢田,22
東京都足立区千住柳町,13
三重県伊賀市服部町一丁目,12
北海道石狩市花川南一条四丁目,18
茨城県水戸市若宮町,22
大阪府守口市八雲西町四丁目,2
京都府八幡市八幡長田,7
青森県八戸市大字上野大平森,22
愛知県豊田市畝部西町御手洗,22
大阪府高槻市紅茸町,9
福島県西白河郡泉崎村大字関和久瀬知房,21
愛知県西尾市吉良町乙川西大山,22
茨城県桜川市飯渕,21
北海道旭川市南六条通二十一丁目,1
北海道根室市志発島,14
神奈川県茅ヶ崎市本村四丁目,6
岩手県花巻市小瀬川第十三地割,22
徳島県小松島市新居見町高内,21
愛知県田原市中山町本田,18
神奈川県横浜市保土ケ谷区東川島町,21
北海道旭川市東光二十条八丁目,2
北海道空知郡上富良野町西町一丁目,22
神奈川県横浜市都筑区荏田南五丁目,22
長崎県諫早市中田町,9
京都府相楽郡精華町大字祝園大池,21
東京都羽村市富士見平三丁目,8
愛知県名古屋市緑区清水山一丁目,21
愛知県岡崎市井田新町,18
岩手県岩手郡雫石町南畑第三十地割,22
高知県安芸郡田野町下土生,21
北海道札幌市東区北四十九条東二丁目,5
岡山県井原市大江町,9
愛媛県松山市枝松三丁目,6
宮城県栗原市志波姫北郷杉屋敷前,21
京都府京都市山科区竹鼻竹ノ街道町,4
宮城県亘理郡亘理町吉田塩田,24
埼玉県蓮田市大字城,15
愛知県一宮市柚木颪郷中,23
富山県高岡市駅南二丁目,3
広島県広島市南区宇品海岸二丁目,10
沖縄県那覇市首里崎山町一丁目,6
愛知県豊川市西塚町二丁目,5
埼玉県熊谷市末広三丁目,3
宮城県白石市大平坂谷樋ノ口,21
愛媛県今治市新谷,11
京都府京都市下京区中之町,11
東京都小平市美園町三丁目,4
大分県宇佐市大字東大堀,15
新潟県十日町市会沢,9
高知県高知市弥生町,7
北海道紋別市上渚滑町和訓辺,17
山形県鶴岡市川尻新田,19
福島県いわき市薄磯二丁目,21
岐阜県各務原市大野町七丁目,4
愛知県一宮市大毛高木,21
愛知県名古屋市北区城東町四丁目,4
福島県南相馬市鹿島区寺内南町,19
宮城県角田市佐倉諏訪脇北,23
山形県西村山郡河北町大字岩木岩木,22
兵庫県洲本市海岸通一丁目,4
北海道札幌市厚別区厚別北一条三丁目,12
愛知県豊橋市佐藤二丁目,22
岩手県紫波郡紫波町片寄久保田前,21
福岡県朝倉郡筑前町久光引田,22
神奈川県相模原市中央区矢部二丁目,21
佐賀県唐津市厳木町天川,16
福岡県北九州市小倉北区須賀町,21
宮城県加美郡加美町字一本杉,21
奈良県大和郡山市北郡山町,10
東京都大島町元町水溜,13
福島県喜多方市字五百苅,14
愛知県みよし市福谷町宮ノ前,false
北海道上川郡東川町西町二丁目,21
茨城県笠間市小原,9
東京都立川市砂川町五丁目,8
岩手県滝沢市大沢五郎沢,20
秋田県由利本荘市葛法砂吐,23
埼玉県八潮市大字伊勢野,7
大阪府大阪市平野区流町三丁目,18
富山県砺波市東別所,15
北海道留萌市見晴町三丁目,21
奈良県橿原市南八木町二丁目,3
茨城県那珂市上河内,14
三重県桑名市多度町美鹿,21
愛知県一宮市木曽川町黒田勘治西,21
北海道札幌市豊平区平岸四条九丁目,21
兵庫県加西市青野原町,19
秋田県湯沢市字大島町,7
滋賀県蒲生郡日野町大字中在寺,21
兵庫県川西市けやき坂三丁目,22
秋田県秋田市四ツ小屋小阿地上野,21
宮城県岩沼市本町,7
福島県いわき市江名寺作,15
新潟県妙高市大字藤塚新田,8
埼玉県久喜市吉羽四丁目,7
徳島県那賀郡那賀町谷内,20
宮城県角田市小坂堤,11
千葉県市川市塩浜一丁目,19
千葉県浦安市東野二丁目,3
宮城県仙台市青葉区中山一丁目,21
福島県南会津郡檜枝岐村字左通,21
愛知県岩倉市八剱町赤山,22
福島県東白川郡棚倉町大字棚倉東中居,21
青森県八戸市桔梗野工業団地一丁目,8
山形県酒田市豊里芦原,10
神奈川県横浜市鶴見区上末吉四丁目,22
兵庫県相生市竜泉町,15
北海道厚岸郡厚岸町奔渡二丁目,21
石川県金沢市泉本町六丁目,1
山形県東根市若木二条通り,3
愛媛県西条市小松町南川御手洗,22
兵庫県朝来市和田山町比治庄ノ前,22
岩手県滝沢市鵜飼花平,19
福島県郡山市逢瀬町河内四十内,22
鹿児島県鹿児島市東千石町,11
福島県郡山市富久山町久保田太郎殿前,22
愛知県春日井市上条町四丁目,22
愛知県丹羽郡扶桑町大字柏森乙寺裏,21
秋田県横手市十文字町睦合中野,21
福島県郡山市日和田町高倉南,13
長野県松本市浅間温泉三丁目,2
兵庫県高砂市高砂町南浜町,14
新潟県長岡市宝一丁目,11
和歌山県和歌山市舟津町二丁目,3
青森県八戸市南白山台一丁目,21
埼玉県鴻巣市三町免,15
愛知県愛知郡東郷町大字春木南岡ノ上,22
宮城県白石市福岡八宮坂町,23
島根県邑智郡川本町大字南佐木,21
東京都日野市南平三丁目,17
新潟県長岡市寺泊求草,19
富山県富山市下タ林,7
埼玉県比企郡吉見町大字荒子,20
岐阜県大垣市馬の瀬町,16
鹿児島県奄美市住用町大字見里,21
京都府長岡京市友岡,9
奈良県宇陀市室生瀧谷,15
東京都文京区後楽二丁目,7
宮城県黒川郡大和町吉田童子沢,23
大阪府豊中市清風荘二丁目,15
千葉県柏市みどり台二丁目,21
秋田県北秋田市脇神高村岱,23
宮城県栗原市栗駒稲屋敷大鳥,16
静岡県伊豆市下船原,19
愛知県額田郡幸田町大字大草八ツ面,22
山形県尾花沢市上町一丁目,21
北海道北広島市山手町五丁目,13
兵庫県神戸市西区美賀多台六丁目,22
和歌山県紀の川市深田,11
大分県日田市大字花月,19
兵庫県川西市多田院敦盛,24
宮城県仙台市宮城野区鶴ケ谷五丁目,21
大阪府大阪狭山市山本北,9
広島県竹原市高崎町,14
宮城県大崎市古川塚目西又,20
三重県伊勢市神久四丁目,3
岡山県井原市美星町明治,19
東京都文京区根津二丁目,17
北海道石狩市花川北一条六丁目,1
愛知県刈谷市小山町三丁目,5
福島県双葉郡大熊町大字熊錦台,22
神奈川県厚木市毛利台一丁目,12
兵庫県神戸市灘区篠原南町二丁目,10
高知県高岡郡檮原町本も谷,20
愛知県東海市名和町北蕨,22
静岡県静岡市駿河区有明町,13
東京都豊島区駒込五丁目,12
愛知県一宮市大和町馬引西出,22
奈良県奈良市西大寺町,4
愛知県丹羽郡大口町大字小口宮之前,21
愛知県名古屋市緑区大高町細根,21
秋田県にかほ市芹田家ノ後,15
神奈川県横須賀市久里浜台二丁目,9
熊本県阿蘇市赤水,20
青森県八戸市大字妙,9
福岡県豊前市大字恒富,13
高知県高知市元町,1
兵庫県神戸市兵庫区夢野町三丁目,21
青森県黒石市大字温湯,19
大阪府茨木市大字忍頂寺,22
茨城県常陸大宮市西野内,14
香川県綾歌郡綾川町枌所東,21
高知県高知市薊野南町,4
埼玉県春日部市備後東五丁目,18
広島県江田島市江田島町大須一丁目,12
福島県須賀川市雨田前中山,18
愛知県豊田市竹町蔵福,23
岡山県岡山市東区西大寺五明,13
福岡県柳川市南長柄町,4
神奈川県川崎市宮前区神木本町三丁目,17
宮城県加美郡加美町字長清水東,21
北海道札幌市南区真駒内本町七丁目,21
千葉県君津市南久保二丁目,23
岩手県奥州市衣川小正板,21
愛知県半田市柊町一丁目,2
福島県河沼郡会津坂下町字下川前丙,21
兵庫県神戸市中央区旗塚通五丁目,16
大阪府大阪市住之江区南港東四丁目,22
北海道夕張郡栗山町松風三丁目,21
宮城県宮城郡七ヶ浜町吉田浜台,22
佐賀県伊万里市二里町中里乙,22
京都府京都市上京区東裏辻町,12
神奈川県平塚市千須谷,17
福島県石川郡石川町大字中田古釜,22
千葉県松戸市五香南二丁目,5
京都府舞鶴市字溝尻,15
福井県敦賀市舞崎町,5
愛知県豊橋市向山町西猿,22
愛知県名古屋市中川区北江町二丁目,22
大阪府箕面市箕面三丁目,2
京都府船井郡京丹波町富田タカヤ,false
兵庫県神戸市北区西山二丁目,18
愛知県豊田市西広瀬町四日市,22
千葉県流山市駒木台,14
石川県白山市明島町ウ,false
奈良県五條市野原中一丁目,7
岩手県盛岡市菜園二丁目,3
秋田県能代市吹越下悪戸,21
愛知県名古屋市昭和区荒田町二丁目,21
長崎県佐世保市鹿子前町,14
北海道札幌市手稲区新発寒二条四丁目,11
大阪府大阪市住之江区御崎二丁目,21
秋田県にかほ市象潟町上狐森,19
静岡県静岡市駿河区中野新田,16
愛知県豊橋市前田町一丁目,10
愛知県知多郡美浜町大字野間南高峠,22
岡山県岡山市北区高柳東町,13
広島県呉市二河町,7
兵庫県神戸市兵庫区会下山町三丁目,21
北海道旭川市永山三条十丁目,1
愛知県碧南市小屋下町一丁目,17
宮城県登米市南方町米袋,16
福島県郡山市大槻町清水内,21
京都府船井郡京丹波町高岡坊遊里,22
高知県宿毛市宿毛,1
神奈川県横浜市金沢区釜利谷町,21
高知県高知市若草南町,7
青森県三戸郡階上町大字金山沢新田,21
岩手県陸前高田市高田町太田,22
兵庫県朝来市和田山町竹田外川原,21
千葉県市川市福栄四丁目,3
福島県伊達郡桑折町大字北半田御免町,21
東京都小平市回田町,11
京都府京田辺市普賢寺奥北谷,18
神奈川県鎌倉市山崎,4
愛知県長久手市下山,17
北海道札幌市北区百合が原四丁目,21
三重県鈴鹿市野辺二丁目,3
福島県伊達郡川俣町大字東福沢六百田,21
北海道帯広市西六条北一丁目,1
北海道富良野市扇町,9
島根県隠岐郡隠岐の島町西町名田の五,21
北海道紋別市上渚滑町奥東,19
新潟県新発田市御幸町一丁目,4
愛知県日進市米野木町海老池,22
愛知県名古屋市中川区松葉町二丁目,21
千葉県成田市取香浅間,11
千葉県船橋市高根台三丁目,4
岐阜県岐阜市野一色四丁目,4
北海道網走市南四条西一丁目,1
三重県桑名市野田三丁目,3
熊本県玉名市北牟田,8
新潟県南魚沼市六日町学校町,7
愛知県豊田市古瀬間町中峯,21
岩手県宮古市崎鍬ヶ崎第七地割,21
千葉県君津市郡,1
岩手県北上市和賀町煤孫十二地割,22
愛知県半田市新生町五丁目,5
宮城県伊具郡丸森町字火打石,22
愛知県常滑市蒲池町五丁目,21
大阪府堺市堺区戎島町四丁,11
山口県周南市桜馬場通三丁目,1
兵庫県伊丹市奥畑一丁目,21
青森県青森市富田四丁目,7
北海道標津郡標津町南二条西五丁目,14
茨城県ひたちなか市大字三反田,false
三重県松阪市嬉野矢下町,16
愛知県豊川市大橋町三丁目,5
宮城県柴田郡柴田町船岡土手内一丁目,12
北海道帯広市西二十二条北五丁目,1
栃木県矢板市泉,6
北海道札幌市豊平区月寒東五条十五丁目,10
北海道上川郡当麻町北星三区,21
愛知県豊橋市大崎町,14
北海道旭川市豊岡二条七丁目,8
岐阜県郡上市八幡町肴町,5
埼玉県川口市鳩ヶ谷本町二丁目,2
愛知県一宮市三条西蛭子,23
北海道雨竜郡北竜町字岩村,24
石川県小松市戸津町に,17
新潟県燕市上児木,12
愛知県蒲郡市三谷町東三丁目,21
大阪府大阪市都島区都島中通一丁目,9
神奈川県足柄下郡湯河原町吉浜,21
愛知県安城市篠目町作野,21
福島県石川郡浅川町大字里白石内山,21
宮城県伊具郡丸森町字川端,21
愛媛県今治市常盤町四丁目,5
兵庫県小野市住吉町,9
愛知県愛西市大野町郷裏,21
愛知県常滑市大谷鴨,22
京都府京都市左京区松ケ崎井出ケ鼻町,20
広島県神石郡神石高原町時安,17
埼玉県草加市新栄一丁目,7
愛知県一宮市千秋町浅野羽根南斉宮寺,22
三重県津市藤方,10
兵庫県姫路市飾磨区加茂南,14
秋田県横手市平鹿町中吉田和村東,22
奈良県五條市野原西四丁目,7
北海道士別市東八条北四丁目,8
福島県東白川郡棚倉町大字流豊先,21
愛知県名古屋市昭和区菊園町四丁目,21
岩手県奥州市前沢北久保,23
秋田県横手市大沢,6
宮城県柴田郡大河原町福田米蔵,23
東京都江東区越中島二丁目,5
岐阜県大垣市川口三丁目,11
宮崎県延岡市東本小路,21
新潟県佐渡市相川味噌屋町,3
愛知県田原市赤羽根町野添,21
宮城県名取市下余田鹿島,19
大阪府東大阪市稲田三島町,2
岩手県二戸市仁左平小山,22
熊本県人吉市瓦屋町典子,22
兵庫県豊岡市日撫,6
愛知県刈谷市逢妻町五丁目,5
広島県庄原市平和町,15
福島県田村郡小野町大字夏井清水,21
秋田県男鹿市北浦北浦北浦,9
東京都神津島村長浜,11
兵庫県淡路市大町畑,15
熊本県菊池市藤田,14
福島県双葉郡浪江町大字大堀板木,22
石川県小松市日末町そ,false
愛知県豊橋市神野新田町サノ割,false
北海道札幌市中央区南五条西五丁目,14
秋田県秋田市豊岩豊巻小林,13
山梨県北杜市長坂町大井ヶ森,14
新潟県妙高市大字飛田新田,8
大阪府大阪狭山市今熊一丁目,6
京都府京都市北区上賀茂六段田町,4
三重県熊野市育生町長井,16
福島県河沼郡会津坂下町大字坂本家ノ下丁,22
福島県須賀川市稲新城舘,14
愛知県一宮市開明北屋敷,23
愛知県春日井市鷹来町一丁目,21
徳島県吉野川市山川町塚穴,23
長崎県長崎市見崎町,3
北海道苫小牧市三光町六丁目,4
京都府南丹市園部町船岡,12
京都府京都市上京区蛭子町,11
山形県寒河江市大字寒河江樋ノ口,22
香川県高松市朝日町三丁目,17
石川県能美市大浜町フ,17
福島県大沼郡会津美里町字本郷,17
高知県高知市朝倉本町一丁目,2
愛知県田原市仁崎町大湯,21
山梨県笛吹市境川町寺尾,16
愛知県西尾市一色町治明北通縄,21
福島県郡山市片平町サラメキ,false
大分県竹田市大字中,5
青森県五所川原市大字飯詰,10
岩手県盛岡市東緑が丘,14
愛知県犬山市大字羽黒新田松山,21
埼玉県桶川市下日出谷西二丁目,2
奈良県吉野郡天川村大字沖金,22
福井県鯖江市戸口町,15
北海道上川郡清水町字旭山西一号,22
愛知県東海市高横須賀町南形,21
徳島県三好市池田町ヤサン,19
福島県郡山市中町,7
徳島県吉野川市山川町黒岩,23
神奈川県小田原市城山一丁目,6
北海道帯広市西十二条南九丁目,1
新潟県上越市大字青野,10
愛知県弥富市鳥ケ地一丁目,22
秋田県秋田市河辺戸島三嶽,13
北海道中川郡美深町東一条南八丁目,21
福島県本宮市糠沢二斗内,22
大阪府泉大津市助松町一丁目,19
山梨県甲府市里吉三丁目,7
石川県羽咋市兵庫町ル,false
愛知県海部郡蟹江町大字須成五明,22
愛知県岩倉市大地町郷前,21
山形県尾花沢市大字六沢,21
山口県宇部市大字中山,4
栃木県下野市町田,16
千葉県流山市東初石四丁目,4
福島県いわき市小名浜大原軽井崎,21
神奈川県相模原市中央区由野台三丁目,19
北海道札幌市清田区平岡九条三丁目,14
愛知県常滑市坂井狭間,23
徳島県阿南市中林町原,21
大分県佐伯市若宮町,9
埼玉県日高市大字新堀新田,20
愛媛県今治市波止浜一丁目,5
長野県飯田市桜町二丁目,7
北海道札幌市北区太平六条四丁目,22
福岡県福岡市東区名島一丁目,17
北海道砂川市西五条北六丁目,2
愛知県岡崎市久後崎町本郷南,21
新潟県新潟市南区白根古川,14
青森県北津軽郡板柳町大字飯田上柳田,21
大分県中津市大字上宮永,2
青森県三戸郡五戸町大字浅水佐野,22
愛知県稲沢市梅須賀町東切,22
宮城県伊具郡丸森町字和田西,22
山形県鶴岡市栃屋天保恵,20
埼玉県熊谷市赤城町一丁目,4
山口県下関市彦島西山町四丁目,2
大阪府摂津市鳥飼西二丁目,18
熊本県熊本市南区白石町,16
滋賀県栗東市観音寺,11
宮城県遠田郡美里町牛飼阿弥陀,22
福島県いわき市勿来町窪田内城,21
宮崎県宮崎市東大宮四丁目,1
北海道石狩市親船東一条一丁目,18
兵庫県神戸市灘区篠原中町二丁目,10
岩手県紫波郡紫波町大巻花立,22
岩手県北上市下鬼柳四地割,22
長崎県平戸市大石脇町,16
大阪府枚方市渚西二丁目,3
秋田県横手市十文字町越前大堰端,22
兵庫県朝来市和田山町殿長田,21
埼玉県新座市片山三丁目,3
宮崎県宮崎市小松台東二丁目,1
山口県周南市中央町,15
福井県福井市舟橋新一丁目,4
福島県西白河郡西郷村大字真船カロウト,false
福島県福島市北矢野目渋川,15
愛知県西尾市一色町味浜成輪,21
神奈川県横浜市戸塚区上矢部町,21
広島県福山市大門町三丁目,17
北海道天塩郡豊富町字豊富東四条五丁目,18
福岡県京都郡苅田町大字稲光,21
和歌山県和歌山市雄松町五丁目,3
福島県いわき市小名浜後宿,17
山梨県中央市関原,3
広島県三次市作木町岡三渕,19
岐阜県郡上市八幡町五町四丁目,2
新潟県柏崎市西山町長嶺,14
京都府京都市北区紫竹上竹殿町,5
石川県鳳珠郡穴水町字此木,22
岐阜県羽島郡岐南町徳田三丁目,22
福島県耶麻郡猪苗代町大字若宮東道北甲,22
兵庫県神戸市須磨区飛松町四丁目,22
愛知県新城市八名井西川原,21
愛知県岡崎市桑谷町新座山,21
愛知県東海市高横須賀町浅間,21
